product_name,price,product_category
Abajo Fleabane,112,Plants
Abert's Buckwheat,53,Plants
Acacia,50,Plants
Acadia Dogwood,173,Plants
Adam And Eve,60,Plants
Aegle,132,Plants
African Caper,32,Plants
African Dry Rock Moss,42,Plants
African Locust-bean,29,Plants
Agropogon,186,Plants
Airplant,66,Plants
Aji,74,Plants
Ajowan Caraway,116,Plants
Alaskan Bugseed,72,Plants
Albany Hawthorn,54,Plants
Alderleaf Mountain Mahogany,67,Plants
Aleutian Maidenhair,101,Plants
Aleutian Violet,76,Plants
Alexander's Rock Aster,103,Plants
Allicoche Hedgehog Cactus,152,Plants
Alligatorlily,81,Plants
Aloe,36,Plants
Aloina Moss,55,Plants
Alpine Slender Buckwheat,92,Plants
Alstonia,51,Plants
American Beautyberry,75,Plants
American Rockbrake,183,Plants
Ammons' Tortula Moss,45,Plants
Amur Maple,97,Plants
Anderson's Hawksbeard,46,Plants
Angelica Tree,45,Plants
Anglestem Primrose-willow,40,Plants
Annual Fescue,174,Plants
Annual Honesty,84,Plants
Annual Semaphoregrass,192,Plants
Antenoron,51,Plants
Anthracothecium Lichen,59,Plants
Antitrichia Moss,170,Plants
Anzia Lichen,141,Plants
Appalachian Mountainmint,107,Plants
Aralia,181,Plants
Arctic Woodrush,30,Plants
Arizona Mule-ears,53,Plants
Arizona Needle Grama,135,Plants
Arizona Swallow-wort,126,Plants
Aroeira Blanca,176,Plants
Arrowfeather Threeawn,94,Plants
Arrowhead Rattlebox,93,Plants
Asian Pigeonwings,94,Plants
Asian Virginsbower,127,Plants
Aspen Onion,171,Plants
Assam Tea,12,Plants
Astrothelium Lichen,65,Plants
Australian Flatsedge,143,Plants
Avispillo,148,Plants
Baby Blue Eyes,118,Plants
Bachmanniomyces Lichen,105,Plants
Bajada Lupine,126,Plants
Baker's Cryptantha,19,Plants
Baker's Phacelia,81,Plants
Balloon Sack Clover,189,Plants
Balsampear,55,Plants
Bank Catclaw,83,Plants
Barneby's Clover,128,Plants
Bavarian Timmia Moss,79,Plants
Bayamon Stopper,83,Plants
Beard Lichen,117,Plants
Beath's Milkvetch,148,Plants
Beautybush,141,Plants
Beaver Indian Breadroot,55,Plants
Bedding Conehead,102,Plants
Beet,38,Plants
Bensoniella,169,Plants
Berteron's Sandmat,52,Plants
Big Bend Bluegrass,92,Plants
Big Galleta,81,Plants
Big Sacaton,137,Plants
Bigelow's Tansyaster,78,Plants
Bighead Rush,70,Plants
Bigleaf Crownbeard,133,Plants
Big-sage,147,Plants
Bill Williams Mountain Giant Hyssop,117,Plants
Birch,115,Plants
Bitter Fleabane,116,Plants
Black Sand Spikerush,188,Plants
Blazing Star,134,Plants
Blue Spruce,190,Plants
Bluebead,130,Plants
Bluecurls,12,Plants
Bluntpod Bundleflower,173,Plants
Bog White Violet,38,Plants
Bog Yelloweyed Grass,185,Plants
Bolander's Cladidium Lichen,136,Plants
Bolander's Woodreed,23,Plants
Bonjean's Dicranum Moss,199,Plants
Bonneville Pea,52,Plants
Bonneville Shootingstar,193,Plants
Border Creepingfern,197,Plants
Boswellia,173,Plants
Bothriospermum,199,Plants
Boynton's Dewberry,69,Plants
Bracted Phyllostegia,65,Plants
Branched Tearthumb,173,Plants
Brandegee's Onion,154,Plants
Brasiletto,195,Plants
Brazilian Dwarf Morning-glory,151,Plants
Brewer's Jewelflower,131,Plants
Brewer's Willow,57,Plants
Bridal Broom,54,Plants
Bristle Fern,97,Plants
Bristlecup Sandmat,88,Plants
Bristly Speargrass,155,Plants
Broadbeard Beardtongue,33,Plants
Broadleaf Sedge,168,Plants
Broadtooth Monkeyflower,147,Plants
Brugmansia,188,Plants
Bryum Moss,37,Plants
Bull Clover,115,Plants
Bullhorn Wattle,164,Plants
Burnham's Blackberry,130,Plants
Butterfly Pea,104,Plants
Button Eryngo,164,Plants
Cadillo Anaranjado,194,Plants
Caespitose Four-nerve Daisy,178,Plants
Calico,134,Plants
California Indigobush,186,Plants
California Lomatium,105,Plants
California Milkwort,128,Plants
California Rockjasmine,200,Plants
California Woodsorrel,195,Plants
Callaeum,97,Plants
Campion,61,Plants
Canadian Clearweed,69,Plants
Canary Violet,107,Plants
Canby's Angelica,142,Plants
Canby's Lobelia,192,Plants
Candle Snuffer Moss,11,Plants
Cane Bluestem,148,Plants
Cap Lichen,80,Plants
Cardinal Beardtongue,59,Plants
Carmel Ceanothus,85,Plants
Carolina Dayflower,34,Plants
Carolina Rose,49,Plants
Carolina Wild Petunia,41,Plants
Carrotwood,13,Plants
Carson's Waterparsnip,51,Plants
Cascade Calicoflower,155,Plants
Castela,125,Plants
Catalina Nightshade,112,Plants
Catnip Noseburn,59,Plants
Caucasian Lime,66,Plants
Ceboruquillo,198,Plants
Cedar-of-goa,89,Plants
Chaff Flower,14,Plants
Changeable Velvetberry,130,Plants
Chaparral Silktassel,60,Plants
Chapman's Bristlegrass,154,Plants
Chequered Lily,86,Plants
Chewstick,33,Plants
Chihuahuan Ash,79,Plants
Chilean Jessamine,170,Plants
Chinchweed,135,Plants
Chione,154,Plants
Chiricahua Mountain Brookweed,75,Plants
Chromatochlamys Lichen,60,Plants
Chusquea Bamboo,93,Plants
Cieneguillo,139,Plants
Cliff Desertdandelion,100,Plants
Clovenfoot Plumegrass,41,Plants
Clubmoss,20,Plants
Clubmoss Mountain Heather,99,Plants
Clustered Goldenweed,20,Plants
Clustered Mille Graines,184,Plants
Coast Checkerbloom,30,Plants
Coast Plantain,181,Plants
Coast Range False Bindweed,190,Plants
Coast Range Linanthus,39,Plants
Coastal Buckwheat,55,Plants
Coastal False Asphodel,38,Plants
Coastal Flatsedge,26,Plants
Coastal Sandmat,123,Plants
Cobwebby Indian Paintbrush,163,Plants
Cody's Rockcress,76,Plants
Cohitre Blanco,166,Plants
Cohosh,170,Plants
Colocasia,124,Plants
Columbia River Wormwood,40,Plants
Columbian Stitchwort,122,Plants
Common Boneset,29,Plants
Common Butterwort,168,Plants
Common Buttonbush,92,Plants
Common Coleus,110,Plants
Common Comfrey,13,Plants
Common Dandelion,115,Plants
Common Gypsyweed,123,Plants
Common Hardgrass,138,Plants
Common Nipplewort,23,Plants
Common Whipplea,102,Plants
Composite Dropseed,88,Plants
Contorted Rimmed Lichen,116,Plants
Convex Lichenothelia Lichen,83,Plants
Cooper's Popcornflower,179,Plants
Coral Granular Lichen,82,Plants
Coralbean,167,Plants
Corpus Christi Fleabane,23,Plants
Coville's Serviceberry,11,Plants
Cow Vetch,124,Plants
Crab Apple,77,Plants
Crabgrass,179,Plants
Crater Lichen,136,Plants
Creeping Milkvetch,178,Plants
Crenulate Rhabdoweisia Moss,189,Plants
Crested Woodfern,97,Plants
Crimson Bluestem,72,Plants
Crossandra,49,Plants
Cryptantha,118,Plants
Cuddy Mountain Onion,59,Plants
Cultivated Tobacco,28,Plants
Cup Lichen,110,Plants
Curly Sedge,52,Plants
Curlytop Knotweed,165,Plants
Curve-leaf Yucca,80,Plants
Curvepod Milkvetch,59,Plants
Cusick's Beardtongue,52,Plants
Cutleaf Blackberry,142,Plants
Cutleaf Grapefern,30,Plants
Cutleaf Nightshade,159,Plants
Cutler's Spurred Lupine,88,Plants
Cyclamen,163,Plants
Cynometra,14,Plants
Cynometra,24,Plants
Cyrto-hypnum Moss,95,Plants
Dactylina Lichen,108,Plants
Damianita,45,Plants
Dark-fruited Cotoneaster,129,Plants
Davis' Fleabane,78,Plants
Deam's Rosinweed,192,Plants
Deer's Foot,141,Plants
Deformed Cup Lichen,83,Plants
Delicate Buttercup,24,Plants
Delta Tule Pea,166,Plants
Dense Cassia,165,Plants
Desert Calico,32,Plants
Desert Draba,26,Plants
Desert Evening Primrose,130,Plants
Desert Foxglove,92,Plants
Desert Tobacco,181,Plants
Devilqueen,196,Plants
Diamondleaf Willow,126,Plants
Diamondleaf Willow,107,Plants
Dillenia,53,Plants
Diploicia Lichen,145,Plants
Disc Lichen,185,Plants
Distichium Moss,119,Plants
Dogwood,173,Plants
Donn's Small Limestone Moss,82,Plants
Dorstenia,88,Plants
Dot Lichen,124,Plants
Doubting Mariposa Lily,31,Plants
Douglas' Grasswidow,102,Plants
Downy Indian Paintbrush,153,Plants
Downy Phlox,127,Plants
Downy Yellow Violet,26,Plants
Drepanocladus Moss,100,Plants
Drops Of Gold,29,Plants
Drummond's Cinquefoil,21,Plants
Drummond's False Pennyroyal,169,Plants
Drummond's Rush,42,Plants
Dunn's Lobelia,103,Plants
Dwarf Azalea,161,Plants
Dwarf Dwarf-cudweed,17,Plants
Dwarf Huckleberry,64,Plants
Dwarf Lilyturf,75,Plants
Dwarf Naupaka,97,Plants
Dwarf Polypody,41,Plants
Early Azalea,39,Plants
Earth Lichen,122,Plants
Earthsmoke,37,Plants
Eastern Sweetshrub,140,Plants
Ebony Diospyros,114,Plants
Egyptian Carissa,118,Plants
Elizabeth's Felt Lichen,182,Plants
Elliott's Bluestem,13,Plants
Erect Island Spleenwort,87,Plants
Esparto,176,Plants
European Beech,93,Plants
European Stoneseed,99,Plants
Everniastrum Lichen,161,Plants
False Aloe,146,Plants
False Buttercup,132,Plants
False Coffee,156,Plants
False Fleabane,50,Plants
False Gilyflower,175,Plants
False Mayweed,84,Plants
False Spleenwort,120,Plants
Falsegold Groundsel,23,Plants
Fan Palm,123,Plants
Feltleaf Monardella,48,Plants
Fernleaved Pedicularis,55,Plants
Field Locoweed,70,Plants
Fineleaf Fournerved Daisy,187,Plants
Fir Mistletoe,168,Plants
Firethread Sedge,75,Plants
Firmleaf Willow,148,Plants
Five Eyes,68,Plants
Fiveflower Rockdaisy,11,Plants
Fiveleaf Yam,28,Plants
Five-stamen Tamarisk,162,Plants
Fivetooth Spineflower,95,Plants
Flatleaf Bladderwort,71,Plants
Flatwoods St. Johnswort,84,Plants
Flaxleaf False Foxglove,12,Plants
Florida Anisetree,30,Plants
Florida Beard Lichen,69,Plants
Florida Hedgehyssop,54,Plants
Florida Lacefern,51,Plants
Florida Lady's Nightcap,102,Plants
Florida Pore Lichen,49,Plants
Florida Sandreed,146,Plants
Florida Scrub Skullcap,82,Plants
Foothill Rush,197,Plants
Forest Dubautia,193,Plants
Forked Chickweed,69,Plants
Forked Jelly Lichen,169,Plants
Forked Rush,28,Plants
Fowler's Knotweed,41,Plants
Freckled Milkvetch,31,Plants
Fremont's Bladderpod,139,Plants
Fremont's Deathcamas,40,Plants
Fringed Grass Of Parnassus,141,Plants
Fringed Loosestrife,64,Plants
Fringed Pink,143,Plants
Fringeleaf Lobelia,199,Plants
Gambel Oak,19,Plants
Garcinia,111,Plants
Garcinia,176,Plants
Gattinger's Panicgrass,108,Plants
Giant Blue Iris,108,Plants
Gila Thistle,33,Plants
Glacial Sedge,96,Plants
Globe Fimbry,92,Plants
Glomerate Sedge,143,Plants
Glowing Nightshade,155,Plants
Godfrey's Spiderlily,53,Plants
Goldeneye Phlox,176,Plants
Goldenrod,40,Plants
Goldman's Silktassel,30,Plants
Goldmoss Stonecrop,40,Plants
Graceful Buttercup,198,Plants
Graham's Willow,115,Plants
Grapefern,120,Plants
Graphina Lichen,72,Plants
Grassyslope Arctic Sedge,107,Plants
Graying Clover,82,Plants
Grayleaf Willow,135,Plants
Gray's Lily,63,Plants
Great Basin Brome,129,Plants
Great Laurel,101,Plants
Greater Straw Sedge,98,Plants
Green Fly Orchid,114,Plants
Greene's Milkvetch,24,Plants
Greensword,147,Plants
Guatemalan Indigo,165,Plants
Guayabota De Sierra,197,Plants
Guayama Copperleaf,189,Plants
Gulf Leaf-flower,112,Plants
Gum Bully,68,Plants
Gyalidea Lichen,123,Plants
Haha,189,Plants
Hairy Gumweed,196,Plants
Hairy Lipfern,151,Plants
Hairy Rockcress,149,Plants
Hairy White Oldfield Aster,34,Plants
Haleakala Lobelia,178,Plants
Hall's Bush Lupine,160,Plants
Handsome Beardtongue,160,Plants
Hardstem Lovegrass,14,Plants
Harperocallis,38,Plants
Harrison's Barberry,79,Plants
Harsh Dewberry,127,Plants
Harwood's Woollystar,134,Plants
Hasse's Thelenella Lichen,29,Plants
Hawai'ian Buttercup,150,Plants
Hayden's Clover,148,Plants
Hayden's Indian Paintbrush,179,Plants
Heartleaf Skullcap,32,Plants
Heartleaf Spikemoss,88,Plants
Hebe,23,Plants
Hedgehog Cactus,151,Plants
Hedgehyssop,56,Plants
Heldreich's Alfalfa,75,Plants
Heller's Cieneguillo,172,Plants
Heller's Draba,78,Plants
Heller's Spurge,43,Plants
Henson's Calammophila,62,Plants
Hepburn's Sedge,173,Plants
Himalayan Cypress,145,Plants
Hoary Phacelia,109,Plants
Hoary Tansyaster,86,Plants
Hoarypea,156,Plants
Holarrhena,108,Plants
Hophead Philippine Violet,164,Plants
Horehound,155,Plants
Horseflesh Mahogany,133,Plants
Howaiaulu Island-daisy,67,Plants
Howelliella,161,Plants
Hualalai Hau Kuahiwi,84,Plants
Hutchins' Ulota Moss,79,Plants
Hybrid Hickory,27,Plants
Hybrid Oak,100,Plants
Hybrid Rose,89,Plants
Hybrid Violet,67,Plants
Hybrid Willow,168,Plants
Hydrothyria Lichen,35,Plants
Hydrothyria Lichen,176,Plants
Idaho Fescue,74,Plants
Imshaug's Tube Lichen,28,Plants
Indian Breadroot,189,Plants
Indian Frankincense,57,Plants
Indigoberry,95,Plants
Ivyleaf Groundcherry,58,Plants
Ixeris,91,Plants
James' Nailwort,147,Plants
Japanese Flowering Cherry,35,Plants
Javanese Flatsedge,27,Plants
Jeruselem Thorn,48,Plants
Jetbead,163,Plants
Jeweled Maiden Fern,76,Plants
Jeweled Thistle,40,Plants
Jewels Of Opar,50,Plants
Jill Of The Rocks,160,Plants
Jointtail Grass,151,Plants
Joseph's-coat,152,Plants
Jujube,87,Plants
Jujube,188,Plants
July Gold,134,Plants
Jumping Cholla,169,Plants
Junegrass,32,Plants
Jurupa Hills Suncup,22,Plants
Kamalo Gulch Catchfly,166,Plants
Kansas Fissidens Moss,189,Plants
Karamyschev's Wheat,122,Plants
Kathul Mountain Draba,48,Plants
Kauai Yellowwood,167,Plants
Kellogg's Knotweed,188,Plants
Kennedy's Buckwheat,132,Plants
Keurboom,41,Plants
Kidney Bean,60,Plants
Kilauea Mauna Cyanea,100,Plants
King Desertparsley,82,Plants
Klamath Cinquefoil,59,Plants
Klamath Fawnlily,132,Plants
Klamath Rockcress,50,Plants
Knapweed,68,Plants
Knotted Pearlwort,43,Plants
Kohala Mountain Stenogyne,69,Plants
Kopa,49,Plants
Kopiko 'ula,23,Plants
Krauss' Spikemoss,39,Plants
Kunzea,80,Plants
Labrador Cup Lichen,181,Plants
Lacy Phacelia,200,Plants
Lady's Tresses,151,Plants
Large Gray Willow,72,Plants
Largeflower Crested Coralroot,195,Plants
Large-flower Primrose-willow,173,Plants
Largeflower Suncup,92,Plants
Largeleaf Springparsley,105,Plants
Larger Western Mountain Aster,125,Plants
Larkspur,28,Plants
Lateflowering Goosefoot,75,Plants
Latin Globemallow,123,Plants
Lavin's Milkvetch,123,Plants
Leafless Beaked Lady Orchid,171,Plants
Lecidea Lichen,137,Plants
Lecidea Lichen,166,Plants
Leggett's Pinweed,196,Plants
Lemmon's Cloak Fern,85,Plants
Lemmon's Lessingia,199,Plants
Lemmon's Mustard,170,Plants
Lemonyellow False Goldenaster,124,Plants
Leonard's Beardtongue,48,Plants
Lesdain's Dust Lichen,46,Plants
Liddon Sedge,174,Plants
Limestone Grass,135,Plants
Limestone Prairie Fleabane,88,Plants
Lindheimer's Blazingstar,192,Plants
Little Western Bittercress,195,Plants
Lobelia,13,Plants
Locoweed,91,Plants
Loeskypnum Moss,153,Plants
Lomatogonium,171,Plants
London Planetree,151,Plants
Lonely Lily,10,Plants
Long-fruit Jewelflower,87,Plants
Longleaf Mock Thelypody,58,Plants
Longleaf Plume Fern,189,Plants
Longleaf Speedwell,139,Plants
Loosehead Beaksedge,32,Plants
Lost Hills Saltbush,10,Plants
Louisiana Quillwort,128,Plants
Lyellia Moss,64,Plants
Macata Bourse Bastard,58,Plants
Madhuca,45,Plants
Mahogany Fawnlily,140,Plants
Maluco,34,Plants
Mammea,17,Plants
Manybranched Pepperweed,144,Plants
Manyflower Saxifrage,28,Plants
Manyflower Stickseed,135,Plants
Manyseed,163,Plants
Map Lichen,18,Plants
Marshweed,41,Plants
Maryland Hawkweed,69,Plants
Masai Clover,197,Plants
Mat Muhly,185,Plants
Matroot Penstemon,174,Plants
Maui Geranium,72,Plants
Maxon's Goldback Fern,120,Plants
Meadow Horsetail,79,Plants
Mediterranean Broom,38,Plants
Mediterranean Tapeweed,25,Plants
Meesia Moss,176,Plants
Melanelia Lichen,31,Plants
Mendocino Sedge,16,Plants
Mendrina,61,Plants
Messmate,163,Plants
Mexican Blazing Star,125,Plants
Mexican Panicgrass,123,Plants
Mexican Scaly Cloakfern,118,Plants
Mexican Vanilla,184,Plants
Meyen's Twinsorus Fern,155,Plants
Miniature Lupine,16,Plants
Mint Vervain,112,Plants
Missouri Foxtail Cactus,115,Plants
Missouri Lambsquarters,164,Plants
Mock Buckthorn,11,Plants
Mogollon Mountain Ragwort,21,Plants
Mojave Suncup,165,Plants
Molokai Ohaha,198,Plants
Mona Island Sandmat,38,Plants
Monarch Birch,40,Plants
Monkeyflower,22,Plants
Morning Glory,161,Plants
Morrison's Jewelflower,199,Plants
Morro Milkvetch,78,Plants
Moss Campion,13,Plants
Mountain False Indigo,119,Plants
Mountain Lichen,93,Plants
Mountain Lupine,150,Plants
Mountain Oxeye,93,Plants
Mountain Pine,31,Plants
Mouse-ear Chickweed,81,Plants
Mt. Dellenbaugh Sandwort,105,Plants
Mt. Eke Pritchardia,115,Plants
Mt. Waialeale 'ohe,191,Plants
Mucilage Manjack,17,Plants
Muhlenberg's Centaury,74,Plants
Muntingia,198,Plants
Mutis' Burrweed,102,Plants
Myrinia Moss,63,Plants
Myroxylon,73,Plants
Na Pali-kona Woodfern,174,Plants
Na'ena'e Pua Melemele,97,Plants
Naked Mexicanhat,172,Plants
Napali Coast Papala,53,Plants
Narihira Bamboo,169,Plants
Narrowleaf Marsh Elder,25,Plants
Navel Cornsalad,35,Plants
Nealley's Globe Amaranth,47,Plants
Netleaf Hackberry,29,Plants
Nevada Pottia Moss,162,Plants
New Mexico Xanthoparmelia Lichen,133,Plants
Nightshade,115,Plants
North Coast Semaphoregrass,192,Plants
Northern Jacob's-ladder,29,Plants
Northern Meadowsweet,135,Plants
Northwestern Groundsel,158,Plants
Northwestern Twayblade,78,Plants
Nutmeg,65,Plants
Nutmeg Hickory,114,Plants
Nutrush,18,Plants
Nuttall's Quillwort,80,Plants
Nuttall's Saltbush,28,Plants
Oblong Bryum Moss,186,Plants
Obovate Andreaea Moss,35,Plants
Oersted's Atrichum Moss,182,Plants
Oglethorpe Oak,11,Plants
Ohio Buckeye,19,Plants
Oldwoman,161,Plants
Oligotrichum Moss,85,Plants
Olympic Onion,32,Plants
Oneflower Clover,19,Plants
Oneflower Fleabane,122,Plants
Oppositeleaf Russian Thistle,99,Plants
Opuhe,130,Plants
Orange Bush Monkeyflower,25,Plants
Orange Lichen,118,Plants
Oregon Bensoniella,61,Plants
Oregon Klamath Plum,111,Plants
Organ Mountain Laceleaf,43,Plants
Organ Mountain Larkspur,150,Plants
Oriental Popcornflower,23,Plants
Ouricury Palm,151,Plants
Ovate Goatgrass,146,Plants
Ovate Marsh Fern,63,Plants
Pacific Gilia,77,Plants
Packard's Wormwood,124,Plants
Pagoda Buckwheat,66,Plants
Paiute Suncup,105,Plants
Pale Poppy,115,Plants
Palespike Lobelia,94,Plants
Pallid Hoptree,94,Plants
Pallid Hoptree,77,Plants
Panamint Mountain Lupine,101,Plants
Panamint Springparsley,159,Plants
Panguitch Buckwheat,121,Plants
Panhandle Lily,37,Plants
Paperflower,13,Plants
Paradox Hybrid Walnut,60,Plants
Parish's Broomrape,115,Plants
Parish's Rabbitbrush,185,Plants
Peacock Sprangletop,154,Plants
Peccania Lichen,12,Plants
Peniocereus,125,Plants
Penthorum,60,Plants
Peperomia,42,Plants
Pepino,56,Plants
Persian Goatgrass,99,Plants
Peruvian Cartilage Lichen,73,Plants
Petrea,182,Plants
Philippine Pigeonwings,48,Plants
Physcomitrium Moss,111,Plants
Pillar False Gumweed,199,Plants
Pine Barren Goldenheather,30,Plants
Pineneedle Milkweed,57,Plants
Pink Sand Verbena,136,Plants
Pinkflower Hedgehog Cactus,43,Plants
Pinyon Groundsmoke,88,Plants
Piper's Anemone,119,Plants
Pitted Beardgrass,37,Plants
Placidiopsis Lichen,162,Plants
Placidiopsis Lichen,53,Plants
Plagiomnium Moss,173,Plants
Plagiopus Moss,73,Plants
Plantainleaf Dubautia,119,Plants
Plateau Catchfly,135,Plants
Pohe Hiwa,90,Plants
Pole Butterflybush,172,Plants
Polkadots,59,Plants
Polygala,118,Plants
Pondweed,57,Plants
Pondweed,61,Plants
Porcupine Jointvetch,165,Plants
Porocyphus Lichen,152,Plants
Porter's Wormwood,101,Plants
Pouzolzia,151,Plants
Prairie Milkweed,198,Plants
Prairie Snoutbean,79,Plants
Prostrate False Pimpernel,95,Plants
Protothelenella Lichen,200,Plants
Pseudocrossidium Moss,115,Plants
Pseudostellaria,139,Plants
Pseudotaxiphyllum Moss,24,Plants
Pua'akuhinia,19,Plants
Puerto Rico Manac,172,Plants
Pullback,94,Plants
Purple Cyanea,22,Plants
Purple Prairie Clover,114,Plants
Purple Silkyscale,74,Plants
Pygmy Alpinegold,116,Plants
Pyrethum Daisy,139,Plants
Radiate Fingergrass,30,Plants
Ragged Rockflower,190,Plants
Rayless Aster,65,Plants
Red Buckeye,90,Plants
Red Fescue,101,Plants
Red Melastome,129,Plants
Redhot Poker,33,Plants
Redspot Clarkia,16,Plants
Reverchon's False Pennyroyal,181,Plants
Rice Button Aster,132,Plants
Richardson's Geranium,151,Plants
Richardson's Phlox,71,Plants
Rim Lichen,142,Plants
Rimularia Lichen,111,Plants
Roadside Agrimony,179,Plants
Rock Clematis,136,Plants
Rocklady,130,Plants
Rooting Chainfern,179,Plants
Rose's Ticktrefoil,42,Plants
Rosilla,151,Plants
Rough Draba,36,Plants
Roughhairy Maiden Fern,135,Plants
Round-leaf Fountain Palm,76,Plants
Round-leaf Mallee,114,Plants
Roundspike Cryptantha,122,Plants
Rubber Rabbitbrush,75,Plants
Rubber Rabbitbrush,17,Plants
Rusby's Locust,22,Plants
Russelia,52,Plants
Saddlebush,87,Plants
Safflower,185,Plants
Sagebrush,102,Plants
Sagebrush,18,Plants
Sagebrush Combseed,39,Plants
Salal,172,Plants
Saline Saltbush,166,Plants
Salmon Creek Indian Paintbrush,158,Plants
Salmon Gum,61,Plants
San Antonio Bluestar,39,Plants
San Antonio Hills Monardella,34,Plants
San Bernardino Aster,199,Plants
San Bernardino Vervain,62,Plants
San Francisco Campion,188,Plants
San Francisco Owl's-clover,193,Plants
San Francisco Woodland-star,163,Plants
San Joaquin Bluecurls,15,Plants
San Luis Blazingstar,24,Plants
San Luis Yellowcress,28,Plants
Sanborn's Onion,148,Plants
Sand Pea,173,Plants
Sand Pygmyweed,169,Plants
Sandcherry,120,Plants
Sandpuffs,178,Plants
Sandyfield Beaksedge,64,Plants
Sanguinaria,45,Plants
Sanicle,63,Plants
Sarah's Buckwheat,14,Plants
Sargent's Cypress,91,Plants
Sassafras,55,Plants
Savannah-panicgrass,102,Plants
Saw Palmetto,191,Plants
Scarlet Gilia,133,Plants
Scarlet Keckiella,139,Plants
Scarlet Keckiella,134,Plants
Scarlet Lady's Tresses,49,Plants
Schimper's Acaulon Moss,148,Plants
Schleicher's Entodon Moss,151,Plants
Sclerocarya,83,Plants
Scouler's Popcornflower,184,Plants
Script Lichen,65,Plants
Scrub Oak,126,Plants
Sea Rush,44,Plants
Seagrape,18,Plants
Seaside Barley,35,Plants
Seaside Bittercress,169,Plants
Seaside Delosperma,26,Plants
Sebastian-bush,182,Plants
Senegal Saba,118,Plants
Sensitive Partridge Pea,23,Plants
Serpentine Savory,189,Plants
Sessileflower False Goldenaster,157,Plants
Shade Mudflower,192,Plants
Shafer's Hawthorn,37,Plants
Shaggy Hedgehyssop,164,Plants
Sharpleaf Gumweed,190,Plants
Sharpleaf Hookeria Moss,38,Plants
Sharp's Weissia Moss,103,Plants
Shasta Popcornflower,155,Plants
Shining Blazingstar,134,Plants
Shinyleaf Spirea,50,Plants
Shockley's Milkvetch,11,Plants
Shockley's Milkvetch,66,Plants
Shore Aster,59,Plants
Shore Quillwort,101,Plants
Shorea,94,Plants
Shortfruit Spikerush,164,Plants
Shortleaf Small Limestone Moss,16,Plants
Shortray Rockdaisy,32,Plants
Shortseed Waterwort,118,Plants
Showy Draba,51,Plants
Showy Phlox,56,Plants
Shrubby Whitevein,56,Plants
Siberian Crab Apple,111,Plants
Siberian Pea-tree,96,Plants
Sierra Milkvetch,93,Plants
Silver Lupine,74,Plants
Silverleaf Milkvetch,43,Plants
Silvery Lupine,34,Plants
Simpson's Grasspink,114,Plants
Sitka Clubmoss,26,Plants
Sitka Shield Lichen,110,Plants
Skin Lichen,16,Plants
Sleeping Ute Milkvetch,25,Plants
Slender Cottongrass,10,Plants
Small Onion,112,Plants
Small Shell Ginger,166,Plants
Smallflower Bruguiera,162,Plants
Smallflower Lilythorn,122,Plants
Small's Ragwort,99,Plants
Smooth Babybonnets,122,Plants
Smooth Sunflower,97,Plants
Smoothbark St. Johnswort,71,Plants
Sneezeweed,157,Plants
Snow Lichen,55,Plants
Snowbell,26,Plants
Snowy Orchid,114,Plants
Socrates Mine Jewelflower,180,Plants
Soft Bird's-beak,13,Plants
Soft Elephantsfoot,158,Plants
Sour Orange,100,Plants
Southern Beech,91,Plants
Southern Long Sedge,174,Plants
Southern Monardella,117,Plants
Spadeleaf,152,Plants
Sperry's Milkweed,178,Plants
Spiked Larkspur,153,Plants
Spineflower,150,Plants
Spiny Treefern,88,Plants
Sponge Gourd,156,Plants
Spreading Nehe,30,Plants
Springville Clarkia,39,Plants
Squirreltail,86,Plants
St. Johnswort,140,Plants
Stargrass,17,Plants
Starved Fleabane,71,Plants
Stemless Thistle,51,Plants
Stenocybe Lichen,147,Plants
Stepladder Ginger,152,Plants
Steptoe Valley Beardtongue,121,Plants
Steyermark's Milkwort,40,Plants
Stiffstem Saxifrage,76,Plants
Straggling St. Johnswort,61,Plants
Strawberry Saxifrage,98,Plants
Striped Rosemallow,117,Plants
Succisa,89,Plants
Sullivant's Pleuridium Moss,193,Plants
Sulphur Lichen,196,Plants
Sulphur-flower Buckwheat,34,Plants
Summer Coralroot,143,Plants
Summer Ragwort,170,Plants
Suncup,169,Plants
Sundew,80,Plants
Surattense Nightshade,183,Plants
Swamp Morning-glory,188,Plants
Sweetwood,87,Plants
Tahitian Spinach,101,Plants
Tangled Dewberry,165,Plants
Tapered Rosette Grass,132,Plants
Tarheel Sedge,129,Plants
Tetraphis Moss,53,Plants
Texas Aster,24,Plants
Texas Croton,152,Plants
Texas Cupflower,187,Plants
Texas Seapurslane,58,Plants
Texosporium Lichen,104,Plants
Thelypody,156,Plants
Thicket Maiden Fern,72,Plants
Thinfruit Labordia,161,Plants
Thread Rush,55,Plants
Threadleaf Fleabane,195,Plants
Threadleaf Horsebrush,186,Plants
Threeflower Snakeweed,162,Plants
Threeleaf Arrowhead,151,Plants
Threelobe Rosemallow,87,Plants
Threepetal Bedstraw,64,Plants
Thurber's Indian Mallow,10,Plants
Thurber's Needlegrass,140,Plants
Tibey De Cresta,101,Plants
Tickletongue,101,Plants
Tiehm's Beardtongue,59,Plants
Tiger Beardtongue,12,Plants
Tiny Pea,137,Plants
Tolmie's Saxifrage,16,Plants
Tonkin Cane,145,Plants
Tonopah Milkvetch,158,Plants
Tortula Moss,144,Plants
To-tsubaki,64,Plants
Towering Lousewort,37,Plants
Trachyxiphium Moss,199,Plants
Tracy's Bluestem,133,Plants
Trailing Fenugreek,57,Plants
Trailing White Monkshood,196,Plants
Tree Mallow,74,Plants
Treebine,32,Plants
Tribolium,193,Plants
Tropical Pokeweed,68,Plants
Tschonosky Privet,140,Plants
Tuckerman's Earth Lichen,57,Plants
Tufted Evening Primrose,91,Plants
Tufted Milkweed,91,Plants
Tundra Warnstorfia Moss,166,Plants
Turgid Cup Lichen,186,Plants
Turkey Corn,184,Plants
Turk's-cap Lily,164,Plants
Turtleback,150,Plants
Turtleback,72,Plants
Twoflower Violet,172,Plants
Twolobe Passionflower,158,Plants
Ulihi Phyllostegia,185,Plants
Umbrella Star Orchid,52,Plants
Undulate Speedwell,17,Plants
Unequal Leaf Bryoerythrophyllum Moss,49,Plants
Upland Cotton,189,Plants
Usnea Lichenoconium Lichen,49,Plants
Vanilla,70,Plants
Variegated Orchid,47,Plants
Velvet Sedge,145,Plants
Velvetbells,98,Plants
Velvetleaf,48,Plants
Vicksburg Blackberry,42,Plants
Viper Grass,77,Plants
Waianae Range Melicope,198,Plants
Waianae Range Papala,22,Plants
Wailau Valley Melicope,38,Plants
Wallaby Grass,142,Plants
Wand Buckwheat,64,Plants
Warner's Dodder,13,Plants
Warnock's Water-willow,108,Plants
Wart Lichen,140,Plants
Water Sedge,93,Plants
Wavyleaf Ceanothus,168,Plants
Wavyleaf Noseburn,170,Plants
Wax Mallow,177,Plants
Waxgourd,107,Plants
West Indian Water-willow,197,Plants
West Indian Woodsorrel,72,Plants
Western Moonwort,105,Plants
Wheat,75,Plants
White Edge Sedge,198,Plants
White Mangrove,71,Plants
White Mountain-avens,121,Plants
White Panicle Aster,165,Plants
White Prairie Aster,14,Plants
White Stickpea,81,Plants
Whiteedge Flatsedge,72,Plants
Whitefingers Lichen,54,Plants
Whiteflower Rabbitbrush,140,Plants
Whitehair Manzanita,110,Plants
Wideleaf Polargrass,176,Plants
Wild Coffee,173,Plants
Wild Guave,103,Plants
Wild Indigo,133,Plants
Wine Raspberry,179,Plants
Withania,191,Plants
Woodbury's Nightshade,103,Plants
Woodfern,108,Plants
Woodland Beargrass,68,Plants
Woodland Water-willow,197,Plants
Woodruff's Milkvetch,12,Plants
Woodrush Sedge,35,Plants
Woolflower,36,Plants
Woolly Hawkweed,28,Plants
Woolly Nipple Cactus,105,Plants
Wormvine Orchid,90,Plants
Wrinklewing Springparsley,154,Plants
Xanthoparmelia Lichen,120,Plants
Yacon,15,Plants
Yam Bean,73,Plants
Yellow Columbine,197,Plants
Yellow Mandarin,154,Plants
Yellow Nutsedge,59,Plants
Yellow Pitcherplant,49,Plants
Yellow Triteleia,145,Plants
Yellow Wildrye,39,Plants
Yellowseed Fiddleleaf,52,Plants
Yellowstem Bushmallow,24,Plants
Yerba De Plata,154,Plants
Yolla Bolly Biscuitroot,147,Plants
Zelkova,62,Plants
Zhukovsky's Wheat,78,Plants
Zion Buckwheat,116,Plants
